[{"model": "admin.logentry", "pk": 1, "fields": {"action_time": "2025-05-14T14:54:42.846Z", "user": 1, "content_type": 12, "object_id": "1", "object_repr": "Комфорт None", "action_flag": 1, "change_message": "[{\"added\": {}}]"}}, {"model": "admin.logentry", "pk": 2, "fields": {"action_time": "2025-05-14T14:55:10.796Z", "user": 1, "content_type": 12, "object_id": "2", "object_repr": "Премиум-такси None", "action_flag": 1, "change_message": "[{\"added\": {}}]"}}, {"model": "admin.logentry", "pk": 3, "fields": {"action_time": "2025-05-14T14:55:47.128Z", "user": 1, "content_type": 12, "object_id": "3", "object_repr": "Грузовые None", "action_flag": 1, "change_message": "[{\"added\": {}}]"}}, {"model": "admin.logentry", "pk": 4, "fields": {"action_time": "2025-05-14T14:56:23.853Z", "user": 1, "content_type": 12, "object_id": "4", "object_repr": "Микроавтобусы None", "action_flag": 1, "change_message": "[{\"added\": {}}]"}}, {"model": "admin.logentry", "pk": 5, "fields": {"action_time": "2025-05-14T14:56:36.709Z", "user": 1, "content_type": 12, "object_id": "5", "object_repr": "Тяжелый люкс None", "action_flag": 1, "change_message": "[{\"added\": {}}]"}}, {"model": "admin.logentry", "pk": 6, "fields": {"action_time": "2025-05-14T14:56:54.803Z", "user": 1, "content_type": 12, "object_id": "6", "object_repr": "Легенды 90-х None", "action_flag": 1, "change_message": "[{\"added\": {}}]"}}, {"model": "admin.logentry", "pk": 7, "fields": {"action_time": "2025-05-14T14:57:17.765Z", "user": 1, "content_type": 12, "object_id": "7", "object_repr": "Спорт None", "action_flag": 1, "change_message": "[{\"added\": {}}]"}}, {"model": "admin.logentry", "pk": 8, "fields": {"action_time": "2025-05-14T16:03:30.905Z", "user": 1, "content_type": 15, "object_id": "1", "object_repr": "Mercedes", "action_flag": 1, "change_message": "[{\"added\": {}}]"}}, {"model": "admin.logentry", "pk": 9, "fields": {"action_time": "2025-05-14T16:03:37.333Z", "user": 1, "content_type": 15, "object_id": "1", "object_repr": "Mercedes-Benz", "action_flag": 2, "change_message": "[{\"changed\": {\"fields\": [\"\\u041d\\u0430\\u0437\\u0432\\u0430\\u043d\\u0438\\u0435\"]}}]"}}, {"model": "admin.logentry", "pk": 10, "fields": {"action_time": "2025-05-14T16:03:42.856Z", "user": 1, "content_type": 15, "object_id": "2", "object_repr": "Toyota", "action_flag": 1, "change_message": "[{\"added\": {}}]"}}, {"model": "admin.logentry", "pk": 11, "fields": {"action_time": "2025-05-14T16:03:46.643Z", "user": 1, "content_type": 15, "object_id": "3", "object_repr": "BMW", "action_flag": 1, "change_message": "[{\"added\": {}}]"}}, {"model": "admin.logentry", "pk": 12, "fields": {"action_time": "2025-05-14T16:03:50.392Z", "user": 1, "content_type": 15, "object_id": "4", "object_repr": "LADA", "action_flag": 1, "change_message": "[{\"added\": {}}]"}}, {"model": "admin.logentry", "pk": 13, "fields": {"action_time": "2025-05-14T16:04:01.523Z", "user": 1, "content_type": 8, "object_id": "1", "object_repr": "Седан", "action_flag": 1, "change_message": "[{\"added\": {}}]"}}, {"model": "admin.logentry", "pk": 14, "fields": {"action_time": "2025-05-14T16:04:06.563Z", "user": 1, "content_type": 8, "object_id": "2", "object_repr": "Хэтчбек", "action_flag": 1, "change_message": "[{\"added\": {}}]"}}, {"model": "admin.logentry", "pk": 15, "fields": {"action_time": "2025-05-14T16:04:10.727Z", "user": 1, "content_type": 8, "object_id": "3", "object_repr": "Лифтбэк", "action_flag": 1, "change_message": "[{\"added\": {}}]"}}, {"model": "admin.logentry", "pk": 16, "fields": {"action_time": "2025-05-14T16:04:16.801Z", "user": 1, "content_type": 8, "object_id": "4", "object_repr": "Кроссовер", "action_flag": 1, "change_message": "[{\"added\": {}}]"}}, {"model": "admin.logentry", "pk": 17, "fields": {"action_time": "2025-05-14T16:04:21.716Z", "user": 1, "content_type": 8, "object_id": "5", "object_repr": "Микроавтобус", "action_flag": 1, "change_message": "[{\"added\": {}}]"}}, {"model": "admin.logentry", "pk": 18, "fields": {"action_time": "2025-05-14T16:04:25.079Z", "user": 1, "content_type": 8, "object_id": "6", "object_repr": "Кабриолет", "action_flag": 1, "change_message": "[{\"added\": {}}]"}}, {"model": "admin.logentry", "pk": 19, "fields": {"action_time": "2025-05-14T16:04:28.430Z", "user": 1, "content_type": 8, "object_id": "7", "object_repr": "Универсал", "action_flag": 1, "change_message": "[{\"added\": {}}]"}}, {"model": "admin.logentry", "pk": 20, "fields": {"action_time": "2025-05-14T16:04:48.640Z", "user": 1, "content_type": 8, "object_id": "8", "object_repr": "Автобус", "action_flag": 1, "change_message": "[{\"added\": {}}]"}}, {"model": "admin.logentry", "pk": 21, "fields": {"action_time": "2025-05-14T16:05:44.148Z", "user": 1, "content_type": 14, "object_id": "1", "object_repr": "Mercedes-Benz W222", "action_flag": 1, "change_message": "[{\"added\": {}}]"}}, {"model": "admin.logentry", "pk": 22, "fields": {"action_time": "2025-05-14T16:06:10.761Z", "user": 1, "content_type": 14, "object_id": "2", "object_repr": "Toyota Land Cruiser 200", "action_flag": 1, "change_message": "[{\"added\": {}}]"}}, {"model": "admin.logentry", "pk": 23, "fields": {"action_time": "2025-05-14T16:13:44.447Z", "user": 1, "content_type": 14, "object_id": "3", "object_repr": "Toyota Camry V70", "action_flag": 1, "change_message": "[{\"added\": {}}]"}}, {"model": "admin.logentry", "pk": 24, "fields": {"action_time": "2025-05-14T16:14:07.377Z", "user": 1, "content_type": 14, "object_id": "4", "object_repr": "Mercedes-Benz W210", "action_flag": 1, "change_message": "[{\"added\": {}}]"}}, {"model": "admin.logentry", "pk": 25, "fields": {"action_time": "2025-05-14T16:14:25.635Z", "user": 1, "content_type": 14, "object_id": "5", "object_repr": "Mercedes-Benz W210", "action_flag": 1, "change_message": "[{\"added\": {}}]"}}, {"model": "admin.logentry", "pk": 26, "fields": {"action_time": "2025-05-14T16:14:45.647Z", "user": 1, "content_type": 14, "object_id": "6", "object_repr": "Mercedes-Benz W140", "action_flag": 1, "change_message": "[{\"added\": {}}]"}}, {"model": "admin.logentry", "pk": 27, "fields": {"action_time": "2025-05-14T16:15:06.096Z", "user": 1, "content_type": 14, "object_id": "7", "object_repr": "Mercedes-Benz w140", "action_flag": 1, "change_message": "[{\"added\": {}}]"}}, {"model": "admin.logentry", "pk": 28, "fields": {"action_time": "2025-05-14T16:15:19.503Z", "user": 1, "content_type": 8, "object_id": "9", "object_repr": "Купе", "action_flag": 1, "change_message": "[{\"added\": {}}]"}}, {"model": "admin.logentry", "pk": 29, "fields": {"action_time": "2025-05-14T16:15:32.737Z", "user": 1, "content_type": 14, "object_id": "7", "object_repr": "Mercedes-Benz C140", "action_flag": 2, "change_message": "[{\"changed\": {\"fields\": [\"\\u041d\\u0430\\u0437\\u0432\\u0430\\u043d\\u0438\\u0435\", \"\\u041a\\u0443\\u0437\\u043e\\u0432\"]}}]"}}, {"model": "admin.logentry", "pk": 30, "fields": {"action_time": "2025-05-14T16:17:13.756Z", "user": 1, "content_type": 7, "object_id": "1", "object_repr": "Mercedes-Benz W222 А888УВ152", "action_flag": 1, "change_message": "[{\"added\": {}}]"}}, {"model": "admin.logentry", "pk": 31, "fields": {"action_time": "2025-05-14T16:19:19.840Z", "user": 1, "content_type": 7, "object_id": "1", "object_repr": "Mercedes-Benz W222 А888УВ152", "action_flag": 2, "change_message": "[{\"changed\": {\"fields\": [\"\\u0421\\u0442\\u043e\\u0438\\u043c\\u043e\\u0441\\u0442\\u044c\", \"\\u0424\\u043e\\u0442\\u043e\"]}}]"}}, {"model": "admin.logentry", "pk": 32, "fields": {"action_time": "2025-05-14T16:20:39.360Z", "user": 1, "content_type": 7, "object_id": "2", "object_repr": "Toyota Land Cruiser 200 О887ОО152", "action_flag": 1, "change_message": "[{\"added\": {}}]"}}, {"model": "admin.logentry", "pk": 33, "fields": {"action_time": "2025-05-14T16:21:23.699Z", "user": 1, "content_type": 7, "object_id": "3", "object_repr": "Toyota Camry V70 К666ЕК152", "action_flag": 1, "change_message": "[{\"added\": {}}]"}}, {"model": "admin.logentry", "pk": 34, "fields": {"action_time": "2025-05-14T16:22:15.965Z", "user": 1, "content_type": 7, "object_id": "4", "object_repr": "Mercedes-Benz W210 О500ОМ52", "action_flag": 1, "change_message": "[{\"added\": {}}]"}}, {"model": "admin.logentry", "pk": 35, "fields": {"action_time": "2025-05-14T16:22:39.492Z", "user": 1, "content_type": 14, "object_id": "8", "object_repr": "BMW E34", "action_flag": 1, "change_message": "[{\"added\": {}}]"}}, {"model": "admin.logentry", "pk": 36, "fields": {"action_time": "2025-05-14T16:22:54.714Z", "user": 1, "content_type": 14, "object_id": "9", "object_repr": "Mercedes-Benz W124", "action_flag": 1, "change_message": "[{\"added\": {}}]"}}, {"model": "admin.logentry", "pk": 37, "fields": {"action_time": "2025-05-14T16:23:20.568Z", "user": 1, "content_type": 14, "object_id": "10", "object_repr": "Mercedes-Benz S124", "action_flag": 1, "change_message": "[{\"added\": {}}]"}}, {"model": "admin.logentry", "pk": 38, "fields": {"action_time": "2025-05-14T16:23:38.910Z", "user": 1, "content_type": 7, "object_id": "4", "object_repr": "BMW E34 О500ОМ52", "action_flag": 2, "change_message": "[{\"changed\": {\"fields\": [\"\\u041c\\u043e\\u0434\\u0435\\u043b\\u044c\"]}}]"}}, {"model": "admin.logentry", "pk": 39, "fields": {"action_time": "2025-05-14T16:24:33.539Z", "user": 1, "content_type": 14, "object_id": "11", "object_repr": "BMW E38", "action_flag": 1, "change_message": "[{\"added\": {}}]"}}, {"model": "admin.logentry", "pk": 40, "fields": {"action_time": "2025-05-14T16:24:52.142Z", "user": 1, "content_type": 14, "object_id": "12", "object_repr": "LADA 2109", "action_flag": 1, "change_message": "[{\"added\": {}}]"}}, {"model": "admin.logentry", "pk": 41, "fields": {"action_time": "2025-05-14T16:25:13.478Z", "user": 1, "content_type": 14, "object_id": "13", "object_repr": "LADA 2107", "action_flag": 1, "change_message": "[{\"added\": {}}]"}}, {"model": "admin.logentry", "pk": 42, "fields": {"action_time": "2025-05-14T16:26:09.758Z", "user": 1, "content_type": 7, "object_id": "5", "object_repr": "BMW E38 О248ВН77", "action_flag": 1, "change_message": "[{\"added\": {}}]"}}, {"model": "admin.logentry", "pk": 43, "fields": {"action_time": "2025-05-14T16:28:28.535Z", "user": 1, "content_type": 7, "object_id": "6", "object_repr": "Mercedes-Benz W140 А888ЕН252", "action_flag": 1, "change_message": "[{\"added\": {}}]"}}, {"model": "admin.logentry", "pk": 44, "fields": {"action_time": "2025-05-14T16:29:36.987Z", "user": 1, "content_type": 7, "object_id": "7", "object_repr": "Mercedes-Benz W124 Х204ОВ152", "action_flag": 1, "change_message": "[{\"added\": {}}]"}}, {"model": "admin.logentry", "pk": 45, "fields": {"action_time": "2025-05-14T16:30:48.854Z", "user": 1, "content_type": 7, "object_id": "8", "object_repr": "Mercedes-Benz S124 Т154ОВ152", "action_flag": 1, "change_message": "[{\"added\": {}}]"}}, {"model": "admin.logentry", "pk": 46, "fields": {"action_time": "2025-05-14T16:32:30.679Z", "user": 1, "content_type": 7, "object_id": "9", "object_repr": "LADA 2109 Н019НН71", "action_flag": 1, "change_message": "[{\"added\": {}}]"}}, {"model": "admin.logentry", "pk": 47, "fields": {"action_time": "2025-05-14T16:32:46.153Z", "user": 1, "content_type": 12, "object_id": "8", "object_repr": "Бюджет", "action_flag": 1, "change_message": "[{\"added\": {}}]"}}, {"model": "admin.logentry", "pk": 48, "fields": {"action_time": "2025-05-14T16:32:55.642Z", "user": 1, "content_type": 7, "object_id": "9", "object_repr": "LADA 2109 Н019НН71", "action_flag": 2, "change_message": "[{\"changed\": {\"fields\": [\"\\u041a\\u0430\\u0442\\u0435\\u0433\\u043e\\u0440\\u0438\\u044f\"]}}]"}}, {"model": "admin.logentry", "pk": 49, "fields": {"action_time": "2025-05-14T16:33:34.899Z", "user": 1, "content_type": 7, "object_id": "10", "object_repr": "LADA 2107 К991ЕН05", "action_flag": 1, "change_message": "[{\"added\": {}}]"}}, {"model": "admin.logentry", "pk": 50, "fields": {"action_time": "2025-05-14T16:33:40.246Z", "user": 1, "content_type": 7, "object_id": "1", "object_repr": "Mercedes-Benz W222 А888УВ152", "action_flag": 2, "change_message": "[{\"changed\": {\"fields\": [\"\\u0421\\u0432\\u043e\\u0431\\u043e\\u0434\\u0435\\u043d\"]}}]"}}, {"model": "admin.logentry", "pk": 51, "fields": {"action_time": "2025-05-14T16:33:44.227Z", "user": 1, "content_type": 7, "object_id": "2", "object_repr": "Toyota Land Cruiser 200 О887ОО152", "action_flag": 2, "change_message": "[{\"changed\": {\"fields\": [\"\\u0421\\u0432\\u043e\\u0431\\u043e\\u0434\\u0435\\u043d\"]}}]"}}, {"model": "admin.logentry", "pk": 52, "fields": {"action_time": "2025-05-14T16:33:47.807Z", "user": 1, "content_type": 7, "object_id": "3", "object_repr": "Toyota Camry V70 К666ЕК152", "action_flag": 2, "change_message": "[{\"changed\": {\"fields\": [\"\\u0421\\u0432\\u043e\\u0431\\u043e\\u0434\\u0435\\u043d\"]}}]"}}, {"model": "admin.logentry", "pk": 53, "fields": {"action_time": "2025-05-14T16:33:52.917Z", "user": 1, "content_type": 7, "object_id": "5", "object_repr": "BMW E38 О248ВН77", "action_flag": 2, "change_message": "[{\"changed\": {\"fields\": [\"\\u0421\\u0432\\u043e\\u0431\\u043e\\u0434\\u0435\\u043d\"]}}]"}}, {"model": "admin.logentry", "pk": 54, "fields": {"action_time": "2025-05-14T16:33:56.945Z", "user": 1, "content_type": 7, "object_id": "4", "object_repr": "BMW E34 О500ОМ52", "action_flag": 2, "change_message": "[{\"changed\": {\"fields\": [\"\\u0421\\u0432\\u043e\\u0431\\u043e\\u0434\\u0435\\u043d\"]}}]"}}, {"model": "admin.logentry", "pk": 55, "fields": {"action_time": "2025-05-14T16:34:00.151Z", "user": 1, "content_type": 7, "object_id": "6", "object_repr": "Mercedes-Benz W140 А888ЕН252", "action_flag": 2, "change_message": "[{\"changed\": {\"fields\": [\"\\u0421\\u0432\\u043e\\u0431\\u043e\\u0434\\u0435\\u043d\"]}}]"}}, {"model": "admin.logentry", "pk": 56, "fields": {"action_time": "2025-05-14T16:34:03.597Z", "user": 1, "content_type": 7, "object_id": "7", "object_repr": "Mercedes-Benz W124 Х204ОВ152", "action_flag": 2, "change_message": "[{\"changed\": {\"fields\": [\"\\u0421\\u0432\\u043e\\u0431\\u043e\\u0434\\u0435\\u043d\"]}}]"}}, {"model": "admin.logentry", "pk": 57, "fields": {"action_time": "2025-05-14T16:34:07.249Z", "user": 1, "content_type": 7, "object_id": "8", "object_repr": "Mercedes-Benz S124 Т154ОВ152", "action_flag": 2, "change_message": "[{\"changed\": {\"fields\": [\"\\u0421\\u0432\\u043e\\u0431\\u043e\\u0434\\u0435\\u043d\"]}}]"}}, {"model": "admin.logentry", "pk": 58, "fields": {"action_time": "2025-05-14T16:34:10.034Z", "user": 1, "content_type": 7, "object_id": "9", "object_repr": "LADA 2109 Н019НН71", "action_flag": 2, "change_message": "[]"}}, {"model": "admin.logentry", "pk": 59, "fields": {"action_time": "2025-05-14T16:48:23.565Z", "user": 1, "content_type": 12, "object_id": "1", "object_repr": "Комфорт", "action_flag": 2, "change_message": "[{\"changed\": {\"fields\": [\"\\u041e\\u043f\\u0438\\u0441\\u0430\\u043d\\u0438\\u0435\"]}}]"}}, {"model": "admin.logentry", "pk": 60, "fields": {"action_time": "2025-05-14T21:47:33.996Z", "user": 1, "content_type": 10, "object_id": "1", "object_repr": "2025-05-15 00:47:25+03:00 10", "action_flag": 1, "change_message": "[{\"added\": {}}]"}}, {"model": "admin.logentry", "pk": 61, "fields": {"action_time": "2025-05-14T21:51:11.072Z", "user": 1, "content_type": 10, "object_id": "2", "object_repr": "2025-05-15 00:51:01+03:00 10", "action_flag": 1, "change_message": "[{\"added\": {}}]"}}, {"model": "admin.logentry", "pk": 62, "fields": {"action_time": "2025-05-14T21:51:36.265Z", "user": 1, "content_type": 10, "object_id": "3", "object_repr": "2025-05-15 00:51:01+03:00 10", "action_flag": 1, "change_message": "[{\"added\": {}}]"}}, {"model": "admin.logentry", "pk": 63, "fields": {"action_time": "2025-05-14T21:52:18.711Z", "user": 1, "content_type": 10, "object_id": "4", "object_repr": "2025-05-15 00:52:09+03:00 None", "action_flag": 1, "change_message": "[{\"added\": {}}]"}}, {"model": "admin.logentry", "pk": 64, "fields": {"action_time": "2025-05-14T23:07:56.429Z", "user": 1, "content_type": 13, "object_id": "2", "object_repr": "Казаков Антон 2025-05-14 22:37:30.002827+00:00", "action_flag": 2, "change_message": "[{\"changed\": {\"fields\": [\"\\u041e\\u043f\\u043e\\u0431\\u043b\\u0438\\u043a\\u043e\\u0432\\u0430\\u043d\"]}}]"}}, {"model": "admin.logentry", "pk": 65, "fields": {"action_time": "2025-05-14T23:25:18.335Z", "user": 1, "content_type": 4, "object_id": "2", "object_repr": "ivan", "action_flag": 1, "change_message": "[{\"added\": {}}]"}}, {"model": "admin.logentry", "pk": 66, "fields": {"action_time": "2025-05-14T23:25:38.289Z", "user": 1, "content_type": 4, "object_id": "2", "object_repr": "ivan", "action_flag": 2, "change_message": "[{\"changed\": {\"fields\": [\"Email address\"]}}]"}}, {"model": "admin.logentry", "pk": 67, "fields": {"action_time": "2025-05-14T23:26:29.690Z", "user": 1, "content_type": 11, "object_id": "2", "object_repr": "Балашов Иван", "action_flag": 1, "change_message": "[{\"added\": {}}]"}}, {"model": "admin.logentry", "pk": 68, "fields": {"action_time": "2025-05-14T23:26:57.445Z", "user": 1, "content_type": 13, "object_id": "3", "object_repr": "Балашов Иван 2025-05-14 23:26:57.444106+00:00", "action_flag": 1, "change_message": "[{\"added\": {}}]"}}, {"model": "auth.permission", "pk": 1, "fields": {"name": "Can add log entry", "content_type": 1, "codename": "add_logentry"}}, {"model": "auth.permission", "pk": 2, "fields": {"name": "Can change log entry", "content_type": 1, "codename": "change_logentry"}}, {"model": "auth.permission", "pk": 3, "fields": {"name": "Can delete log entry", "content_type": 1, "codename": "delete_logentry"}}, {"model": "auth.permission", "pk": 4, "fields": {"name": "Can view log entry", "content_type": 1, "codename": "view_logentry"}}, {"model": "auth.permission", "pk": 5, "fields": {"name": "Can add permission", "content_type": 2, "codename": "add_permission"}}, {"model": "auth.permission", "pk": 6, "fields": {"name": "Can change permission", "content_type": 2, "codename": "change_permission"}}, {"model": "auth.permission", "pk": 7, "fields": {"name": "Can delete permission", "content_type": 2, "codename": "delete_permission"}}, {"model": "auth.permission", "pk": 8, "fields": {"name": "Can view permission", "content_type": 2, "codename": "view_permission"}}, {"model": "auth.permission", "pk": 9, "fields": {"name": "Can add group", "content_type": 3, "codename": "add_group"}}, {"model": "auth.permission", "pk": 10, "fields": {"name": "Can change group", "content_type": 3, "codename": "change_group"}}, {"model": "auth.permission", "pk": 11, "fields": {"name": "Can delete group", "content_type": 3, "codename": "delete_group"}}, {"model": "auth.permission", "pk": 12, "fields": {"name": "Can view group", "content_type": 3, "codename": "view_group"}}, {"model": "auth.permission", "pk": 13, "fields": {"name": "Can add user", "content_type": 4, "codename": "add_user"}}, {"model": "auth.permission", "pk": 14, "fields": {"name": "Can change user", "content_type": 4, "codename": "change_user"}}, {"model": "auth.permission", "pk": 15, "fields": {"name": "Can delete user", "content_type": 4, "codename": "delete_user"}}, {"model": "auth.permission", "pk": 16, "fields": {"name": "Can view user", "content_type": 4, "codename": "view_user"}}, {"model": "auth.permission", "pk": 17, "fields": {"name": "Can add content type", "content_type": 5, "codename": "add_contenttype"}}, {"model": "auth.permission", "pk": 18, "fields": {"name": "Can change content type", "content_type": 5, "codename": "change_contenttype"}}, {"model": "auth.permission", "pk": 19, "fields": {"name": "Can delete content type", "content_type": 5, "codename": "delete_contenttype"}}, {"model": "auth.permission", "pk": 20, "fields": {"name": "Can view content type", "content_type": 5, "codename": "view_contenttype"}}, {"model": "auth.permission", "pk": 21, "fields": {"name": "Can add session", "content_type": 6, "codename": "add_session"}}, {"model": "auth.permission", "pk": 22, "fields": {"name": "Can change session", "content_type": 6, "codename": "change_session"}}, {"model": "auth.permission", "pk": 23, "fields": {"name": "Can delete session", "content_type": 6, "codename": "delete_session"}}, {"model": "auth.permission", "pk": 24, "fields": {"name": "Can view session", "content_type": 6, "codename": "view_session"}}, {"model": "auth.permission", "pk": 25, "fields": {"name": "Can add Автомобиль", "content_type": 7, "codename": "add_cars"}}, {"model": "auth.permission", "pk": 26, "fields": {"name": "Can change Автомобиль", "content_type": 7, "codename": "change_cars"}}, {"model": "auth.permission", "pk": 27, "fields": {"name": "Can delete Автомобиль", "content_type": 7, "codename": "delete_cars"}}, {"model": "auth.permission", "pk": 28, "fields": {"name": "Can view Автомобиль", "content_type": 7, "codename": "view_cars"}}, {"model": "auth.permission", "pk": 29, "fields": {"name": "Can add Кузов", "content_type": 8, "codename": "add_bodywork"}}, {"model": "auth.permission", "pk": 30, "fields": {"name": "Can change Кузов", "content_type": 8, "codename": "change_bodywork"}}, {"model": "auth.permission", "pk": 31, "fields": {"name": "Can delete Кузов", "content_type": 8, "codename": "delete_bodywork"}}, {"model": "auth.permission", "pk": 32, "fields": {"name": "Can view Кузов", "content_type": 8, "codename": "view_bodywork"}}, {"model": "auth.permission", "pk": 33, "fields": {"name": "Can add Аренда", "content_type": 9, "codename": "add_rent"}}, {"model": "auth.permission", "pk": 34, "fields": {"name": "Can change Аренда", "content_type": 9, "codename": "change_rent"}}, {"model": "auth.permission", "pk": 35, "fields": {"name": "Can delete Аренда", "content_type": 9, "codename": "delete_rent"}}, {"model": "auth.permission", "pk": 36, "fields": {"name": "Can view Аренда", "content_type": 9, "codename": "view_rent"}}, {"model": "auth.permission", "pk": 37, "fields": {"name": "Can add Скидка", "content_type": 10, "codename": "add_sales"}}, {"model": "auth.permission", "pk": 38, "fields": {"name": "Can change Скидка", "content_type": 10, "codename": "change_sales"}}, {"model": "auth.permission", "pk": 39, "fields": {"name": "Can delete Скидка", "content_type": 10, "codename": "delete_sales"}}, {"model": "auth.permission", "pk": 40, "fields": {"name": "Can view Скидка", "content_type": 10, "codename": "view_sales"}}, {"model": "auth.permission", "pk": 41, "fields": {"name": "Can add Информация о пользователе", "content_type": 11, "codename": "add_userinformation"}}, {"model": "auth.permission", "pk": 42, "fields": {"name": "Can change Информация о пользователе", "content_type": 11, "codename": "change_userinformation"}}, {"model": "auth.permission", "pk": 43, "fields": {"name": "Can delete Информация о пользователе", "content_type": 11, "codename": "delete_userinformation"}}, {"model": "auth.permission", "pk": 44, "fields": {"name": "Can view Информация о пользователе", "content_type": 11, "codename": "view_userinformation"}}, {"model": "auth.permission", "pk": 45, "fields": {"name": "Can add Категория", "content_type": 12, "codename": "add_categories"}}, {"model": "auth.permission", "pk": 46, "fields": {"name": "Can change Категория", "content_type": 12, "codename": "change_categories"}}, {"model": "auth.permission", "pk": 47, "fields": {"name": "Can delete Категория", "content_type": 12, "codename": "delete_categories"}}, {"model": "auth.permission", "pk": 48, "fields": {"name": "Can view Категория", "content_type": 12, "codename": "view_categories"}}, {"model": "auth.permission", "pk": 49, "fields": {"name": "Can add Отзыв", "content_type": 13, "codename": "add_reviews"}}, {"model": "auth.permission", "pk": 50, "fields": {"name": "Can change Отзыв", "content_type": 13, "codename": "change_reviews"}}, {"model": "auth.permission", "pk": 51, "fields": {"name": "Can delete Отзыв", "content_type": 13, "codename": "delete_reviews"}}, {"model": "auth.permission", "pk": 52, "fields": {"name": "Can view Отзыв", "content_type": 13, "codename": "view_reviews"}}, {"model": "auth.permission", "pk": 53, "fields": {"name": "Can add Модель авто", "content_type": 14, "codename": "add_carmodels"}}, {"model": "auth.permission", "pk": 54, "fields": {"name": "Can change Модель авто", "content_type": 14, "codename": "change_carmodels"}}, {"model": "auth.permission", "pk": 55, "fields": {"name": "Can delete Модель авто", "content_type": 14, "codename": "delete_carmodels"}}, {"model": "auth.permission", "pk": 56, "fields": {"name": "Can view Модель авто", "content_type": 14, "codename": "view_carmodels"}}, {"model": "auth.permission", "pk": 57, "fields": {"name": "Can add Бренд", "content_type": 15, "codename": "add_brand"}}, {"model": "auth.permission", "pk": 58, "fields": {"name": "Can change Бренд", "content_type": 15, "codename": "change_brand"}}, {"model": "auth.permission", "pk": 59, "fields": {"name": "Can delete Бренд", "content_type": 15, "codename": "delete_brand"}}, {"model": "auth.permission", "pk": 60, "fields": {"name": "Can view Бренд", "content_type": 15, "codename": "view_brand"}}, {"model": "auth.user", "pk": 1, "fields": {"password": "pbkdf2_sha256$1000000$N9euEBAJlpBCEc3hWbPpCw$+vJDVIRakAb4DgJKSYK1wRJy9TCwFMiLOxVnKLid8t0=", "last_login": "2025-05-14T14:26:30.724Z", "is_superuser": true, "username": "anton", "first_name": "", "last_name": "", "email": "anton@mail.ru", "is_staff": true, "is_active": true, "date_joined": "2025-05-14T00:22:38.647Z", "groups": [], "user_permissions": []}}, {"model": "auth.user", "pk": 2, "fields": {"password": "pbkdf2_sha256$1000000$qpVD4TkglRNFZfmKHOsvpb$yQjLaa1nvMjqyrmYD7HfyOxX3Wr7u8v5ohJXONXyHUQ=", "last_login": null, "is_superuser": false, "username": "ivan", "first_name": "", "last_name": "", "email": "kaka@gmail.com", "is_staff": false, "is_active": true, "date_joined": "2025-05-14T23:25:17Z", "groups": [], "user_permissions": []}}, {"model": "contenttypes.contenttype", "pk": 1, "fields": {"app_label": "admin", "model": "logentry"}}, {"model": "contenttypes.contenttype", "pk": 2, "fields": {"app_label": "auth", "model": "permission"}}, {"model": "contenttypes.contenttype", "pk": 3, "fields": {"app_label": "auth", "model": "group"}}, {"model": "contenttypes.contenttype", "pk": 4, "fields": {"app_label": "auth", "model": "user"}}, {"model": "contenttypes.contenttype", "pk": 5, "fields": {"app_label": "contenttypes", "model": "contenttype"}}, {"model": "contenttypes.contenttype", "pk": 6, "fields": {"app_label": "sessions", "model": "session"}}, {"model": "contenttypes.contenttype", "pk": 7, "fields": {"app_label": "easy_ride", "model": "cars"}}, {"model": "contenttypes.contenttype", "pk": 8, "fields": {"app_label": "easy_ride", "model": "bodywork"}}, {"model": "contenttypes.contenttype", "pk": 9, "fields": {"app_label": "easy_ride", "model": "rent"}}, {"model": "contenttypes.contenttype", "pk": 10, "fields": {"app_label": "easy_ride", "model": "sales"}}, {"model": "contenttypes.contenttype", "pk": 11, "fields": {"app_label": "easy_ride", "model": "userinformation"}}, {"model": "contenttypes.contenttype", "pk": 12, "fields": {"app_label": "easy_ride", "model": "categories"}}, {"model": "contenttypes.contenttype", "pk": 13, "fields": {"app_label": "easy_ride", "model": "reviews"}}, {"model": "contenttypes.contenttype", "pk": 14, "fields": {"app_label": "easy_ride", "model": "carmodels"}}, {"model": "contenttypes.contenttype", "pk": 15, "fields": {"app_label": "easy_ride", "model": "brand"}}, {"model": "sessions.session", "pk": "enrsep54t5ls3fzumagwebgcxqx2sk5x", "fields": {"session_data": ".eJxVjEEOwiAQRe_C2pAChRGX7nsGMjCMVA0kpV0Z765NutDtf-_9lwi4rSVsPS9hJnERSpx-t4jpkesO6I711mRqdV3mKHdFHrTLqVF-Xg_376BgL98aPJNXmo3nMxjSSntPlrzhEZgTqRwNGacwW7AwOgtR2YGBAQwO4MT7A9xaN2w:1uFD42:7LT8Oy6aflv1KgUVNC9HqA3tjmQVurMamc1RyO275tM", "expire_date": "2025-05-28T14:26:30.726Z"}}, {"model": "easy_ride.userinformation", "pk": 1, "fields": {"avatar": "avatars/review.jpg", "user": 1, "phone_num": "+79999999999", "age": 18, "passport_series": 2201, "passport_num": 100000, "surname": "Казаков", "name": "Антон", "patronymic": "Александрович"}}, {"model": "easy_ride.userinformation", "pk": 2, "fields": {"avatar": "avatars/guf.jpg", "user": 2, "phone_num": "89999999999", "age": 18, "passport_series": 1111, "passport_num": 111111, "surname": "Балашов", "name": "Иван", "patronymic": "Олегович"}}, {"model": "easy_ride.reviews", "pk": 1, "fields": {"date": "2025-05-14T22:36:16.201Z", "message": "Недавно арендовал автомобиль в \"Easy Ride\" и остался очень доволен! Бронирование прошло быстро и удобно — на сайте много моделей, и я легко выбрал нужную. Менеджер оперативно связался со мной для уточнения деталей, что было очень приятно. Получение автомобиля прошло без проблем: дружелюбная команда и четкие инструкции. Машина была в отличном состоянии, и я сразу отправился в путь. Возврат тоже занял всего несколько минут. Рекомендую \"Easy Ride\" всем, кто ищет надежную аренду! Обязательно воспользуюсь их услугами снова!", "client": null, "is_published": false}}, {"model": "easy_ride.reviews", "pk": 2, "fields": {"date": "2025-05-14T22:37:30.002Z", "message": "Недавно арендовал автомобиль в \"Easy Ride\" и остался очень доволен! Бронирование прошло быстро и удобно — на сайте много моделей, и я легко выбрал нужную. Менеджер оперативно связался со мной для уточнения деталей, что было очень приятно. Получение автомобиля прошло без проблем: дружелюбная команда и четкие инструкции. Машина была в отличном состоянии, и я сразу отправился в путь. Возврат тоже занял всего несколько минут. Рекомендую \"Easy Ride\" всем, кто ищет надежную аренду! Обязательно воспользуюсь их услугами снова!", "client": 1, "is_published": true}}, {"model": "easy_ride.reviews", "pk": 3, "fields": {"date": "2025-05-14T23:26:57.444Z", "message": "Недавно арендовал автомобиль в \"Easy Ride\" и остался очень доволен! Бронирование прошло быстро и удобно — на сайте много моделей, и я легко выбрал нужную. Менеджер оперативно связался со мной для уточнения деталей, что было очень приятно. Получение автомобиля прошло без проблем: дружелюбная команда и четкие инструкции. Машина была в отличном состоянии, и я сразу отправился в путь. Возврат тоже занял всего несколько минут. Рекомендую \"Easy Ride\" всем, кто ищет надежную аренду! Обязательно воспользуюсь их услугами снова!", "client": 2, "is_published": true}}, {"model": "easy_ride.rent", "pk": 1, "fields": {"create_date": "2025-05-14T20:18:59.325Z", "start_date": "2025-05-14T20:19:00Z", "end_date": "2025-05-14T20:23:00Z", "accepted": null, "client": 1, "car": 1}}, {"model": "easy_ride.cars", "pk": 1, "fields": {"cost": "5000.00", "photo": "photos/car5.jpg", "transmission": "Автоматическая", "horse_powers": 401, "engine_volume": "4.7", "colour": "Черный", "description": "Этот просторный седан предлагает комфортное размещение для всей семьи и обширный багажник. С его экономичным двигателем и хорошей управляемостью, Logan станет вашим надежным спутником.", "is_free": true, "license_plate": "А888УВ152", "model": 1, "category": 1}}, {"model": "easy_ride.cars", "pk": 2, "fields": {"cost": "3000.00", "photo": "photos/car9.jpg", "transmission": "Автоматическая", "horse_powers": 3000, "engine_volume": "4.0", "colour": "Черный", "description": "Этот стильный и компактный седан сочетает в себе современный дизайн, экономичность и комфорт. Просторный салон и продуманная эргономика делают каждую поездку приятной.", "is_free": true, "license_plate": "О887ОО152", "model": 2, "category": 1}}, {"model": "easy_ride.cars", "pk": 3, "fields": {"cost": "2500.00", "photo": "photos/car2.jpg", "transmission": "Автоматическая", "horse_powers": 200, "engine_volume": "2.5", "colour": "Черный", "description": "Этот элегантный седан сочетает в себе современный дизайн, передовые технологии и высокий уровень комфорта. Просторный салон и продуманные детали делают каждую поездку приятной.", "is_free": true, "license_plate": "К666ЕК152", "model": 3, "category": 1}}, {"model": "easy_ride.cars", "pk": 4, "fields": {"cost": "1500.00", "photo": "photos/car1.jpg", "transmission": "Механическая", "horse_powers": 170, "engine_volume": "2.5", "colour": "Черный", "description": "Этот элегантный седан сочетает в себе современный дизайн, передовые технологии и высокий уровень комфорта. Просторный салон и продуманные детали делают каждую поездку приятной.", "is_free": true, "license_plate": "О500ОМ52", "model": 8, "category": 6}}, {"model": "easy_ride.cars", "pk": 5, "fields": {"cost": "3000.00", "photo": "photos/car4.jpg", "transmission": "Автоматическая", "horse_powers": 300, "engine_volume": "4.0", "colour": "Черный", "description": "Этот элегантный седан сочетает в себе современный дизайн, передовые технологии и высокий уровень комфорта. Просторный салон и продуманные детали делают каждую поездку приятной.", "is_free": true, "license_plate": "О248ВН77", "model": 11, "category": 5}}, {"model": "easy_ride.cars", "pk": 6, "fields": {"cost": "4000.00", "photo": "photos/140.jpg", "transmission": "Автоматическая", "horse_powers": 394, "engine_volume": "6.0", "colour": "Черный", "description": "Этот элегантный седан сочетает в себе современный дизайн, передовые технологии и высокий уровень комфорта. Просторный салон и продуманные детали делают каждую поездку приятной.", "is_free": true, "license_plate": "А888ЕН252", "model": 6, "category": 6}}, {"model": "easy_ride.cars", "pk": 7, "fields": {"cost": "1500.00", "photo": "photos/car6.jpg", "transmission": "Механическая", "horse_powers": 193, "engine_volume": "2.8", "colour": "Серебристый", "description": "Этот элегантный седан сочетает в себе современный дизайн, передовые технологии и высокий уровень комфорта. Просторный салон и продуманные детали делают каждую поездку приятной.", "is_free": true, "license_plate": "Х204ОВ152", "model": 9, "category": 6}}, {"model": "easy_ride.cars", "pk": 8, "fields": {"cost": "1500.00", "photo": "photos/car3.jpg", "transmission": "Автоматическая", "horse_powers": 193, "engine_volume": "3.2", "colour": "Черный", "description": "Этот элегантный седан сочетает в себе современный дизайн, передовые технологии и высокий уровень комфорта. Просторный салон и продуманные детали делают каждую поездку приятной.", "is_free": true, "license_plate": "Т154ОВ152", "model": 10, "category": 6}}, {"model": "easy_ride.cars", "pk": 9, "fields": {"cost": "10000.00", "photo": "", "transmission": "Механическая", "horse_powers": 75, "engine_volume": "1.5", "colour": "Зеленый", "description": "Этот элегантный седан сочетает в себе современный дизайн, передовые технологии и высокий уровень комфорта. Просторный салон и продуманные детали делают каждую поездку приятной.", "is_free": true, "license_plate": "Н019НН71", "model": 12, "category": 8}}, {"model": "easy_ride.cars", "pk": 10, "fields": {"cost": "1200.00", "photo": "", "transmission": "Механическая", "horse_powers": 70, "engine_volume": "1.6", "colour": "Черный", "description": "Этот элегантный седан сочетает в себе современный дизайн, передовые технологии и высокий уровень комфорта. Просторный салон и продуманные детали делают каждую поездку приятной.", "is_free": true, "license_plate": "К991ЕН05", "model": 13, "category": 8}}, {"model": "easy_ride.categories", "pk": 1, "fields": {"name": "Комфорт", "description": "В нашей категории \"Обычные\" вы найдете идеальные автомобили для повседневных поездок и путешествий. Эти автомобили сочетают в себе комфорт, надежность и доступность, что делает их отличным выбором для тех, кто ценит практичность и экономию. Независимо от того, планируете ли вы поездку по городу, семейный выезд на выходные или деловую командировку, наши обычные автомобили обеспечат вам удобство и безопасность на дороге. Мы предлагаем широкий выбор моделей, от компактных хэтчбеков до просторных седанов, чтобы вы могли выбрать именно то, что соответствует вашим потребностям. Каждый автомобиль проходит тщательную проверку перед арендой, чтобы гарантировать вам беззаботное вождение. Кроме того, мы предлагаем гибкие условия аренды, включая возможность аренды на короткий и длительный срок, а также дополнительные услуги, такие как GPS-навигаторы и детские кресла. С нашими обычными автомобилями вы сможете легко добраться до работы, совершить шопинг или отправиться в путешествие с друзьями. Забронируйте свой автомобиль уже сегодня и наслаждайтесь комфортом и удобством на каждом километре вашего пути!", "sale_active": false, "sale": null}}, {"model": "easy_ride.categories", "pk": 2, "fields": {"name": "Премиум-такси", "description": "Автомобили этой категории идеально подходят для комфортных и надежных поездок. Просторный салон и удобные сиденья создают приятные условия для пассажиров, а современные технологии помогают эффективно выполнять задачи и обеспечивать высокий уровень обслуживания.", "sale_active": false, "sale": null}}, {"model": "easy_ride.categories", "pk": 3, "fields": {"name": "Грузовые", "description": "Автомобили в категории \"Грузовые\" предназначены для эффективной транспортировки различных грузов. Просторный кузов и высокая грузоподъемность обеспечивают надежность при перевозках, а современные системы управления и безопасности делают каждую поездку комфортной и безопасной.", "sale_active": false, "sale": null}}, {"model": "easy_ride.categories", "pk": 4, "fields": {"name": "Микроавтобусы", "description": "Автомобили в категории \"Грузовые\" предназначены для эффективной транспортировки различных грузов. Просторный кузов и высокая грузоподъемность обеспечивают надежность при перевозках, а современные системы управления и безопасности делают каждую поездку комфортной и безопасной.", "sale_active": false, "sale": null}}, {"model": "easy_ride.categories", "pk": 5, "fields": {"name": "Тяжелый люкс", "description": "Автомобили в категории \"Грузовые\" предназначены для эффективной транспортировки различных грузов. Просторный кузов и высокая грузоподъемность обеспечивают надежность при перевозках, а современные системы управления и безопасности делают каждую поездку комфортной и безопасной.", "sale_active": false, "sale": null}}, {"model": "easy_ride.categories", "pk": 6, "fields": {"name": "Легенды 90-х", "description": "Автомобили в категории \"Грузовые\" предназначены для эффективной транспортировки различных грузов. Просторный кузов и высокая грузоподъемность обеспечивают надежность при перевозках, а современные системы управления и безопасности делают каждую поездку комфортной и безопасной.", "sale_active": false, "sale": null}}, {"model": "easy_ride.categories", "pk": 7, "fields": {"name": "Спорт", "description": "Автомобили в категории \"Грузовые\" предназначены для эффективной транспортировки различных грузов. Просторный кузов и высокая грузоподъемность обеспечивают надежность при перевозках, а современные системы управления и безопасности делают каждую поездку комфортной и безопасной.", "sale_active": false, "sale": null}}, {"model": "easy_ride.categories", "pk": 8, "fields": {"name": "Бюджет", "description": "Этот элегантный седан сочетает в себе современный дизайн, передовые технологии и высокий уровень комфорта. Просторный салон и продуманные детали делают каждую поездку приятной.", "sale_active": false, "sale": null}}, {"model": "easy_ride.sales", "pk": 1, "fields": {"name": "Майские праздники", "description": "В честь майских праздников мы рады предложить вам уникальные условия на аренду семейных автомобилей! Проводите время с близкими, создавая незабываемые воспоминания в путешествиях по живописным маршрутам. Также уникальное предложение: арендуйте автомобиль на выходные и получите дополнительный день в подарок! Для групповых поездок предусмотрены специальные условия: при аренде двух и более автомобилей вы получите приятные бонусы. Не упустите возможность провести майские праздники с комфортом и радостью! Забронируйте свой семейный автомобиль уже сегодня и отправляйтесь в увлекательное путешествие!", "sale_percent": 10, "start_date": "2025-05-14T21:47:25Z", "end_date": "2025-05-29T21:47:31Z"}}, {"model": "easy_ride.sales", "pk": 2, "fields": {"name": "Летние каникулы", "description": "В преддверии летнего сезона мы рады предложить вам специальные условия на аренду автомобилей для незабываемых поездок! Исследуйте новые места и наслаждайтесь свободой передвижения. При аренде на срок от 5 дней вы получите бесплатную страховку, а также возможность выбрать автомобиль из премиум-класса по цене стандартного. Для семейных поездок предусмотрены дополнительные бонусы: арендуйте два автомобиля и получите скидку на третий. Не упустите шанс сделать это лето особенным! Забронируйте свой автомобиль уже сегодня и отправляйтесь в захватывающее путешествие!", "sale_percent": 10, "start_date": "2025-05-14T21:51:01Z", "end_date": "2025-08-29T21:51:09Z"}}, {"model": "easy_ride.sales", "pk": 3, "fields": {"name": "Летний ветер", "description": "Погрузитесь в атмосферу свободы и приключений с нашей акцией \"С летним ветром\"! Арендуйте автомобиль с открытым верхом на уикенд и получите дополнительно день аренды по полцены. Это идеальное предложение для тех, кто хочет насладиться свежим воздухом и солнечными лучами во время поездок на море или в загородные комплексы. Представьте себе, как вы мчитесь по живописным дорогам, ветер развивает волосы, а любимая музыка звучит на полную громкость. Откройте для себя новые места, исследуйте живописные пляжи и наслаждайтесь атмосферой летнего отдыха с друзьями или семьей!", "sale_percent": 10, "start_date": "2025-05-14T21:51:01Z", "end_date": "2025-08-29T21:51:09Z"}}, {"model": "easy_ride.sales", "pk": 4, "fields": {"name": "90-е", "description": "Погрузитесь в атмосферу свободы и приключений с нашей акцией \"С летним ветром\"! Арендуйте автомобиль с открытым верхом на уикенд и получите дополнительно день аренды по полцены. Это идеальное предложение для тех, кто хочет насладиться свежим воздухом и солнечными лучами во время поездок на море или в загородные комплексы. Представьте себе, как вы мчитесь по живописным дорогам, ветер развивает волосы, а любимая музыка звучит на полную громкость. Откройте для себя новые места, исследуйте живописные пляжи и наслаждайтесь атмосферой летнего отдыха с друзьями или семьей!", "sale_percent": null, "start_date": "2025-05-14T21:52:09Z", "end_date": "2025-06-14T21:52:11Z"}}, {"model": "easy_ride.carmodels", "pk": 1, "fields": {"name": "W222", "mass": 2000, "drive": "Полный", "brand": 1, "bodywork": 1}}, {"model": "easy_ride.carmodels", "pk": 2, "fields": {"name": "Land Cruiser 200", "mass": 2500, "drive": "Полный", "brand": 2, "bodywork": 4}}, {"model": "easy_ride.carmodels", "pk": 3, "fields": {"name": "Camry V70", "mass": 1200, "drive": "Передний", "brand": 2, "bodywork": 1}}, {"model": "easy_ride.carmodels", "pk": 4, "fields": {"name": "W210", "mass": 1500, "drive": "Задний", "brand": 1, "bodywork": 1}}, {"model": "easy_ride.carmodels", "pk": 5, "fields": {"name": "W210", "mass": 1600, "drive": "Задний", "brand": 1, "bodywork": 7}}, {"model": "easy_ride.carmodels", "pk": 6, "fields": {"name": "W140", "mass": 1800, "drive": "Задний", "brand": 1, "bodywork": 1}}, {"model": "easy_ride.carmodels", "pk": 7, "fields": {"name": "C140", "mass": 1800, "drive": "Задний", "brand": 1, "bodywork": 9}}, {"model": "easy_ride.carmodels", "pk": 8, "fields": {"name": "E34", "mass": 1500, "drive": "Задний", "brand": 3, "bodywork": 1}}, {"model": "easy_ride.carmodels", "pk": 9, "fields": {"name": "W124", "mass": 1400, "drive": "Задний", "brand": 1, "bodywork": 1}}, {"model": "easy_ride.carmodels", "pk": 10, "fields": {"name": "S124", "mass": 1500, "drive": "Задний", "brand": 1, "bodywork": 7}}, {"model": "easy_ride.carmodels", "pk": 11, "fields": {"name": "E38", "mass": 1800, "drive": "Задний", "brand": 3, "bodywork": 1}}, {"model": "easy_ride.carmodels", "pk": 12, "fields": {"name": "2109", "mass": 900, "drive": "Передний", "brand": 4, "bodywork": 2}}, {"model": "easy_ride.carmodels", "pk": 13, "fields": {"name": "2107", "mass": 900, "drive": "Задний", "brand": 4, "bodywork": 1}}, {"model": "easy_ride.brand", "pk": 1, "fields": {"name": "Mercedes-Benz"}}, {"model": "easy_ride.brand", "pk": 2, "fields": {"name": "Toyota"}}, {"model": "easy_ride.brand", "pk": 3, "fields": {"name": "BMW"}}, {"model": "easy_ride.brand", "pk": 4, "fields": {"name": "LADA"}}, {"model": "easy_ride.bodywork", "pk": 1, "fields": {"type": "Седан"}}, {"model": "easy_ride.bodywork", "pk": 2, "fields": {"type": "Хэтчбек"}}, {"model": "easy_ride.bodywork", "pk": 3, "fields": {"type": "Лифтбэк"}}, {"model": "easy_ride.bodywork", "pk": 4, "fields": {"type": "Кроссовер"}}, {"model": "easy_ride.bodywork", "pk": 5, "fields": {"type": "Микроавтобус"}}, {"model": "easy_ride.bodywork", "pk": 6, "fields": {"type": "Кабриолет"}}, {"model": "easy_ride.bodywork", "pk": 7, "fields": {"type": "Универсал"}}, {"model": "easy_ride.bodywork", "pk": 8, "fields": {"type": "Автобус"}}, {"model": "easy_ride.bodywork", "pk": 9, "fields": {"type": "Купе"}}]